location_id,country_id,city,state,lat,lng
801,2,Regina,SK,50.44876,-104.61731
1018,2,Vaudreuil-Dorion,QC,45.3971509,-74.0254577
143,2,Calgary,AB,51.0534234,-114.0625892
437,2,Iqaluit,NU,63.74944,-68.521857
155,2,Canada,Canada,61.0666922,-107.9917071
496,2,Lethbridge,AB,49.694285,-112.851562
802,2,Remote,Remote,0.0,0.0
119,2,British Columbia,British Columbia,49.2048182,-122.9061329
750,2,Pickering,ON,43.835765,-79.090576
992,2,Toronto,ON,43.6534817,-79.3839347
955,2,Surrey,BC,49.1913033,-122.8491439
1,2,100 Mile House,BC,51.6427866,-121.2956943
491,2,Laval,QC,45.5757802,-73.7530656
874,2,Saskatoon,SK,52.131802,-106.660767
551,2,Markham,ON,43.8563707,-79.3376825
694,2,Ontario,Ontario,44.6600802,-76.4905411
784,2,Quebec City,QC,46.8259601,-71.2352226
71,2,Bedford,QC,45.4745788,-73.6242104
598,2,Mississauga,ON,43.5896231,-79.6443879
708,2,Ottawa,ON,45.421106,-75.690308
1015,2,Vancouver,BC,49.2608724,-123.1139529
610,2,Montréal,QC,45.4972159,-73.6103642
957,2,Sydney,NS,46.137977,-60.194092
1046,2,Waterloo,ON,43.4652699,-80.5222961
138,2,Burnaby,BC,49.2433804,-122.9725459
928,2,St. John's,NL,47.561701,-52.715149
109,2,Brampton,ON,43.6858146,-79.7599337
397,2,Halifax,NS,44.648618,-63.5859487
1089,2,Windsor,ON,42.317099,-83.0353434
1097,2,Woodbridge,ON,43.7848982,-79.5923855
21,2,Aldouane,NB,46.7071305,-64.8878256
939,2,Stoney Creek,ON,43.2167722,-79.7567508
986,2,Tiverton,ON,44.267641,-81.543365
264,2,Delta,BC,49.0846258,-123.0579384
1071,2,Westmount,QC,45.4857329,-73.5963951
812,2,Richmond,BC,49.163168,-123.137414
301,2,Edmonton,AB,53.535411,-113.507996
70,2,Bedford,NS,44.7303901,-63.6582365
591,2,Milton,ON,43.513671,-79.882817
668,2,North York,ON,43.7543263,-79.449117
55,2,Aylmer,ON,42.773227,-80.983658
735,2,Peel,ON,43.6843793,-79.6649227
227,2,Coquitlam,BC,49.2842958,-122.793281
873,2,Saskatchewan,Saskatchewan,53.1869562,-105.7210493
840,2,Saint-Césaire,QC,45.410502,-73.00415
396,2,Haines Junction,YT,60.7527212,-137.5100384
1014,2,Valcourt,QC,45.4937347,-72.3151116
223,2,Concord,ON,43.8006713,-79.4990762
136,2,Burlington,ON,43.3248924,-79.7966835
545,2,Manitoba,Manitoba,50.9959116,-98.7987473
924,2,St. Anthony,NL,51.3653968,-55.5919335
472,2,Kitchener,ON,43.451291,-80.4927815
980,2,Thunder Bay,ON,48.406414,-89.259796
398,2,Hamilton,ON,43.2560802,-79.8728583
765,2,Port Coquitlam,BC,49.2621643,-122.7805425
875,2,Scarborough,ON,43.773077,-79.257774
603,2,Moncton,NB,46.097995,-64.80011
393,2,Guelph,ON,43.5460516,-80.2493276
1017,2,Vanderhoof,BC,54.0175289,-124.0076627
842,2,Saint-Laurent,QC,45.5088774,-73.6875187
836,2,Saint John,NB,45.278752,-66.058044
685,2,Oakville,ON,43.447436,-79.666672
915,2,Sparwood,BC,49.7332695,-114.8858477
645,2,Newmarket,ON,44.056258,-79.461708
762,2,Pointe-Claire,QC,45.4566767,-73.8067442
482,2,Lakeshore,ON,42.3038299,-82.8189267
1078,2,Whitehorse,YT,60.721571,-135.054932
1019,2,Vaughan,ON,43.7941544,-79.5268023
554,2,Mary River,NU,71.3276653,-79.3760236
391,2,Grimsby,ON,43.1932094,-79.5606922
107,2,Bowmanville,ON,43.9122995,-78.6891675
1026,2,Victoria,BC,48.4283182,-123.3649533
317,2,Etobicoke,ON,43.6435559,-79.5656326
1043,2,Waterdown,ON,43.3314156,-79.8956803
1110,2,York,ON,43.6896191,-79.479188
1090,2,Winnipeg,MB,49.8955367,-97.1384584
270,2,Dieppe,NB,46.0945258,-64.7354772
464,2,Kelowna,BC,49.887931,-119.496162
925,2,St. Catharines,ON,43.1579812,-79.2441003
947,2,Strathroy,ON,42.9561795,-81.6220202
1032,2,Wainwright,AB,52.8374281,-110.8612063
515,2,London,ON,42.9836747,-81.2496068
937,2,Stellarton,NS,45.5574527,-62.6591139
469,2,Kirkland,QC,45.4529194,-73.8647559
745,2,Peterborough,ON,44.3048009,-78.3199496
409,2,Hiawatha,ON,45.4814072,-75.5366323
112,2,Brantford,ON,43.1408157,-80.2631733
383,2,Greater Sudbury,ON,46.49272,-80.991211
141,2,Caledon,ON,43.8270601,-79.9061037
841,2,Saint-Hubert,QC,45.5042755,-73.4216976
698,2,Orangeville,ON,43.9193171,-80.0973754
178,2,Charlottetown,PE,46.234953,-63.132935
103,2,Boucherville,QC,45.6050197,-73.4526144
815,2,Richmond Hill,ON,43.880078,-79.439392
485,2,Langley,BC,49.0986487,-122.6592326
737,2,Pemberton,BC,50.3203804,-122.8080783
196,2,Châteauguay,QC,45.3619066,-73.7524319
279,2,Dorval,QC,45.4453082,-73.7510888
249,2,Dartmouth,NS,44.6799707,-63.5720232
166,2,Centretown,ON,45.4163403,-75.6942863
76,2,Belleville,ON,44.1633264,-77.3852556
366,2,Gatineau,QC,45.4841214,-75.6813728
149,2,Cambridge,ON,43.3600536,-80.3123023
1022,2,Verdun,QC,45.459078,-73.5731774
935,2,Stayner,ON,44.4194642,-80.0904451
889,2,Sherbrooke,QC,45.403271,-71.889038
357,2,Fredericton,NB,45.966425,-66.645813
519,2,Longueuil,QC,45.5172382,-73.4467466
1062,2,West Vancouver,BC,49.3311208,-123.1594791
930,2,St. Thomas,ON,42.779022,-81.1929882
471,2,Kirkland Lake,ON,48.154177,-80.031281
4,2,Acheson,AB,53.5459141,-113.7715761
637,2,New Westminster,BC,49.2067726,-122.9108818
586,2,Midland,ON,44.750147,-79.885712
461,2,Kanata,ON,50.000678,-86.000977
60,2,Barrie,ON,44.3893113,-79.6901736
315,2,Essex,ON,42.1744783,-82.8215468
652,2,Niagara-on-the-Lake,ON,43.2556116,-79.0723264
777,2,Prince George,BC,53.9128645,-122.7453699
368,2,Georgetown,ON,43.6502652,-79.9036058
1020,2,Venice,AB,54.698056,-112.147222
897,2,Sioux Lookout,ON,50.1134547,-92.1962432
13,2,Ajax,ON,43.8505287,-79.0208814
179,2,Chatham-Kent,ON,42.41833,-82.0898417
473,2,Kitimat,BC,54.0535577,-128.6540519
656,2,North Battleford,SK,52.776186,-108.300476
313,2,Ermineskin 138,AB,53.4577179,-113.505378
767,2,Port Hope,ON,43.9515755,-78.2939704
936,2,Steinbach,MB,49.530557,-96.69342
1068,2,Westlock,AB,54.1525241,-113.8519902
17,2,Alberta,Alberta,53.52682,-113.5244937
311,2,Enterprise,NB,46.9591203,-67.3868254
2,2,Abbotsford,BC,49.0521162,-122.3294792
87,2,Blacks Harbour,NB,45.058501,-66.7900104
234,2,Creston,BC,49.0971526,-116.5129759
190,2,Chilliwack,BC,49.157677,-121.9514307
666,2,North Vancouver,BC,49.3207133,-123.0737831
968,2,Tecumseh,ON,42.3117951,-82.8861974
384,2,Greater Toronto Area,ON,43.7146484,-79.5887565
124,2,Bruxelles,MB,49.487322,-98.918504
528,2,Lucknow,ON,43.961848,-81.5172512
894,2,Simcoe,ON,42.8372434,-80.3039146
606,2,Mont-Saint-Hilaire,QC,45.5623512,-73.1918864
845,2,Salmon Arm,BC,50.7005059,-119.2790529
785,2,Quebec Province,Quebec Province,46.7995474,-71.2247544
584,2,Middleton,NS,44.942431,-65.0680746
655,2,Norfolk County,ON,42.7971532,-80.4538365
940,2,Stony Rapids,SK,59.259775,-105.8050178
438,2,Iroquois,ON,44.8492835,-75.3151083
926,2,St. George,NB,45.1275604,-66.8269836
278,2,Dorchester,ON,42.9886863,-81.0586953
468,2,Kingston,ON,44.230687,-76.481323
806,2,Revelstoke,BC,50.998045,-118.1956709
1077,2,Whistler,BC,50.1171903,-122.9543022
127,2,Buick,BC,56.7584379,-121.2771396
977,2,Thompson,MB,55.743347,-97.863464
981,2,Tilbury,ON,42.2593155,-82.4322682
969,2,Teeswater,ON,43.9981333,-81.2866129
807,2,Rexdale,ON,43.7213619,-79.5655129
220,2,Come By Chance,NL,47.8459634,-53.9844362
764,2,Ponoka,AB,52.6717787,-113.5994334
746,2,Petersburg,ON,43.4135333,-80.6051477
12,2,Airdrie,AB,51.28597,-114.01062
493,2,Leduc,AB,53.2732252,-113.549432
295,2,East York,ON,43.699971,-79.33252
754,2,Pitt Meadows,BC,49.2207623,-122.6901534
886,2,Shawinigan,QC,46.5389609,-72.7467621
982,2,Tillsonburg,ON,42.859494,-80.7265015
20,2,Aldergrove,BC,49.0596635,-122.4922381
460,2,Kamloops,BC,50.6758269,-120.3394159
579,2,Metro Vancouver Regional District,BC,49.2618661,-122.9555509
435,2,Ingersoll,ON,43.037725,-80.88211
478,2,Labrador City,NL,52.9422944,-66.9177291
63,2,Bath,ON,44.1830254,-76.7756561
972,2,Terrace,BC,55.001251,-125.002441
927,2,St. Isidore,ON,45.38561,-74.9057344
832,2,Saanichton,BC,48.5964295,-123.3913348
709,2,Ottawa West,ON,45.421106,-75.690308
274,2,Dollard-Des Ormeaux,QC,45.48423,-73.8064547
154,2,Campbellford,ON,44.3085912,-77.798084
99,2,Borden,ON,43.4423514,-80.4751159
941,2,Stouffville,ON,43.9708746,-79.2500689
944,2,Stratford,ON,43.3700899,-80.9818016
958,4,Sydney,NSW,-33.8548157,151.2164539
29,4,Altona North,VIC,-37.8378229,144.8342853
290,4,East Melbourne,VIC,-37.812498,144.9858851
572,4,Melbourne City Centre,VIC,-37.8142176,144.9631608
156,4,Canberra,ACT,-35.2975906,149.1012676
571,4,Melbourne,VIC,-37.8142176,144.9631608
403,4,Hawthorn East,VIC,-37.8313785,145.0499797
378,4,Gold Coast,QLD,-28.0023731,153.4145987
1027,4,Victoria,Victoria,-37.8100963,144.9855319
8,4,Adelaide Region,SA,-22.2146553,133.9362574
636,4,New South,Wales,-33.9175545,151.2291515
117,4,Brisbane,QLD,-27.4689682,153.0234991
990,4,Toowoomba,QLD,-27.5610193,151.953351
532,4,Macquarie Park,NSW,-33.7814961,151.1256747
959,4,Sydney Central Business District,NSW,-33.8816652,151.2053251
904,4,South Hobart,TAS,-42.8960515,147.3092219
59,4,Barangaroo,NSW,-33.8614084,151.2016877
75,4,Bella Vista,NSW,-33.7416936,150.9547183
431,4,Illawarra,NSW,-34.4614505,150.7904074
648,4,Newstead,QLD,-27.4453279,153.0444763
664,4,North Ryde,NSW,-33.7975472,151.127306
67,4,Beacon Hill,NSW,-33.751787,151.2600828
54,4,Australia,Australia,-24.7761086,134.755
728,4,Parramatta,NSW,-33.8069697,151.0213625
742,4,Perth,WA,-31.9527121,115.8604796
272,4,Docklands,VIC,-37.8175423,144.9394923
665,4,North Sydney,NSW,-33.8354519,151.2083011
101,4,Botany,NSW,-33.947829,151.1990644
884,4,Seven Hills,NSW,-33.7760305,150.9427044
961,4,Sydney Western Suburbs,NSW,-33.9432094,151.1872575
250,4,Darwin,NT,-12.46044,130.8410469
618,4,Mount Cotton,QLD,-27.62,153.2183333
901,4,South,Australia,-30.5343665,135.6301212
161,4,Castle Hill,NSW,-33.7315318,151.0071718
660,4,North Lakes,QLD,-27.2378227,153.0183242
787,4,Queensland,Queensland,-27.4974181,153.0131696
324,4,Fairfield,NSW,-33.8674403,150.8893104
200,4,City of Knox,VIC,-37.898453,145.2648563
246,4,Dandenong,VIC,-37.98749,145.2147923
248,4,Darlinghurst,NSW,-33.8783381,151.219225
909,4,South Yarra,VIC,-37.8377695,144.9918537
48,4,Auburn,NSW,-33.8545702,151.0255673
831,4,Ryde,NSW,-33.8015751,151.1046184
956,4,Surry Hills,NSW,-33.8845123,151.2100301
557,4,Mascot,NSW,-33.9289562,151.1951782
808,4,Rhodes,NSW,-33.8290589,151.0873578
58,4,Banyo,QLD,-27.3760218,153.0771634
679,4,Nundah,QLD,-27.4012298,153.0603789
183,4,Cheltenham,VIC,-37.9670081,145.0546951
414,4,Hills District,NSW,-33.7428695,151.082309
989,4,Toowong,QLD,-27.4857407,152.9915943
199,4,City of Boroondara,VIC,-37.8266965,145.0611952
899,4,Smithfield,NSW,-33.8478215,150.9408736
214,4,Collingwood,VIC,-37.802104,144.9881387
994,4,Townsville,QLD,-19.2569391,146.8239537
715,4,Paddington,NSW,-33.8841572,151.2272766
275,4,Doncaster,VIC,-37.7848299,145.1238431
923,4,St Leonards,NSW,-33.8225666,151.1923402
202,4,Clayton,VIC,-37.9173212,145.1304242
1057,4,West Melbourne,VIC,-37.8106885,144.920404
967,4,Tasmania,Tasmania,-42.1422055,146.6723518
1103,4,Wynyard,TAS,-40.9875424,145.7282223
465,4,Keysborough,VIC,-38.0053607,145.1674069
326,4,Fairfield,VIC,-37.7791933,145.017005
140,4,Burwood,VIC,-37.85566,145.0984412
906,4,South Melbourne,VIC,-37.8334603,144.9570188
960,4,Sydney Inner Suburbs,NSW,-32.939481,151.6600028
22,4,Alexandria,NSW,-33.9091568,151.1921281
903,4,South Brisbane,QLD,-27.482134,153.0223507
893,4,Silverwater,NSW,-33.1029115,151.5600857
417,4,Hobart,TAS,-42.8825088,147.3281233
7,4,Adelaide CBD,SA,-34.9334734,138.600575
878,4,Scoresby,VIC,-37.9025786,145.2183066
118,4,Brisbane Central Business District,QLD,-27.4588371,153.0275474
371,4,Gepps Cross,SA,-34.8423859,138.6044271
506,4,Linley Point,NSW,-33.8272222,151.15
798,4,Redfern,NSW,-33.8931044,151.2040292
910,4,Southbank,VIC,-37.8253618,144.9640203
303,4,Eight Mile Plains,QLD,-27.5779184,153.092299
139,4,Burnley,VIC,-37.8276223,145.0080912
97,4,Bondi,NSW,-33.8930556,151.2633333
192,4,Chippendale,NSW,-33.8863291,151.1998211
794,4,Ravenhall,VIC,-37.7754956,144.7366326
367,4,Geelong,VIC,-38.1492813,144.3598269
377,4,Gleniffer,NSW,-30.3816667,152.8844444
823,4,Rocklea,QLD,-27.5482033,153.0115871
705,4,Osborne Park,WA,-31.9033165,115.814291
271,4,Dingley,VIC,-37.9755762,145.1256478
644,4,Newcastle,NSW,-32.9272881,151.7812534
783,4,Pyrmont,NSW,-33.8692145,151.1923633
945,4,Strathfield,NSW,-33.8798176,151.0785246
802,4,Remote,Remote,0.0,0.0
975,4,The Rocks,NSW,-33.859992,151.2083216
814,4,Richmond,VIC,-37.8203955,145.0025153
560,4,Matraville,NSW,-33.9639325,151.2334198
374,4,Gladstone,QLD,-23.8431724,151.256132
625,4,Mulgrave,VIC,-37.9319869,145.1817988
672,4,Northern,Territory,-12.3713128,130.8684098
733,4,Pearce,WA,-31.6739604,116.0175435
390,4,Gregory,WA,-28.1945255,114.2642663
153,4,Campbellfield,VIC,-37.6641298,144.959583
1065,4,Western,Australia,-25.2303005,121.0187246
590,4,Milton,NSW,-35.3169793,150.4375645
350,4,Fortitude Valley,QLD,-27.4562467,153.0358184
766,4,Port Hedland,WA,-20.894665,118.5198768
1082,4,Williamtown,NSW,-32.815,151.8427778
1095,4,Wollongong,NSW,-34.4243941,150.89385
95,4,Boddington,WA,-32.792141,116.4210582
530,4,Lyndhurst,VIC,-38.0685384,145.2307493
717,4,Pakenham,VIC,-38.0803615,145.4858119
280,4,Douglas Park,NSW,-34.19,150.7011111
782,4,Pymble,NSW,-33.7450185,151.1424708
381,4,Grafton,NSW,-29.69125,152.9333435
1059,4,West Perth,WA,-31.9486588,115.841571
752,4,Pilbara,WA,-22.9642029,118.8123347
508,4,Lithgow,NSW,-33.3201229,150.1950254
623,4,Mount Waverley,VIC,-37.8752637,145.1281258
917,4,Spreyton,TAS,-41.2218021,146.3473314
651,4,Newtown,NSW,-33.8961132,151.1801893
131,4,Bundall,QLD,-28.0112822,153.4080912
504,4,Lindfield,NSW,-33.7802907,151.1595848
86,4,Blackburn North,VIC,-37.8053801,145.154324
19,4,Albury,NSW,-36.0804766,146.9162795
355,4,Frankston,VIC,-38.1444729,145.1268808
405,4,Henderson,WA,-32.1625849,115.7779342
727,4,Parkville,VIC,-37.7871148,144.9515533
612,4,Moree,NSW,-29.4617202,149.8407153
24,4,Alice Springs,NT,-23.6983884,133.8812885
247,4,Darling Downs,QLD,-27.1170905,150.8946408
615,4,Mornington Peninsula,VIC,-38.243315,145.0885432
827,4,Rosebery,NSW,-33.9185861,151.204692
195,4,Christmas Creek,QLD,-28.1739399,152.9915566
1038,4,Warabrook,NSW,-32.8870387,151.7098651
423,4,Homebush,NSW,-33.860451,151.0806118
436,4,Inner West,NSW,-33.8899775,151.1453905
690,4,Old Guildford,NSW,-33.8636111,150.9844444
299,4,Edinburgh,SA,-34.7191379,138.6350042
768,4,Port Macquarie,NSW,-31.4299499,152.9103525
743,4,Perth Central Business District,WA,-31.9551232,115.8678908
795,4,Ravensthorpe,WA,-33.690132,120.1593772
463,4,Katoomba,NSW,-33.713759,150.3121633
61,4,Barton,ACT,-35.3072631,149.1404986
1080,4,Williams Landing,VIC,-37.8700305,144.7469673
537,4,Maitland,NSW,-32.708177,151.5268437
592,4,Milton,QLD,-27.4700194,153.0037657
292,4,East Perth,WA,-31.954341,115.8778894
948,4,Streaky Bay,SA,-32.7381247,134.6157554
543,4,Mandurah,WA,-32.6286505,115.6379752
573,4,Melbourne South Eastern Suburbs,VIC,-37.8262015,144.9499793
68,4,Beaconsfield,TAS,-41.1981078,146.8145469
425,4,Hopetoun,WA,-33.9467298,120.1249342
188,4,Chichester,NSW,-32.1985224,151.6177186
257,4,Deakin,VIC,-37.9824458,145.2108655
259,4,Dee Why,NSW,-33.7536635,151.2899954
707,4,Osterley,TAS,-42.34356,146.74136
670,4,Northam,WA,-31.699163,116.6648507
1001,4,Tullamarine,VIC,-37.704658,144.8717732
44,4,Artarmon,NSW,-33.8094124,151.1857609
380,4,Goldfields,WA,-31.3210067,121.5128526
416,4,Hilton,SA,-34.9321393,138.5658367
946,4,Strathpine,QLD,-27.3099861,152.9905347
244,4,Dampier,WA,-20.6624798,116.7119013
772,4,Portland,VIC,-38.3456231,141.6042304
661,4,North Melbourne,VIC,-37.8076092,144.9423514
949,4,Success,WA,-32.1451437,115.8495969
484,4,Lane Cove West,NSW,-33.8119396,151.150078
700,4,Orchard Hills,NSW,-33.7816667,150.7177778
130,4,Bunbury,WA,-33.3267797,115.636698
1048,4,Waurn Ponds,VIC,-38.2158244,144.3061193
120,4,Broadway,NSW,-34.7063889,149.0805556
533,4,Macquarie University,NSW,-33.7740328,151.1127092
953,4,Sunshine Coast,QLD,-26.5443222,153.0507705
907,4,South Perth,WA,-31.9809661,115.8639433
361,4,Fullarton,SA,-34.9540475,138.6263553
769,4,Port Melbourne,VIC,-37.8333613,144.9219203
673,4,Northgate,QLD,-27.3908162,153.0693526
133,4,Burleigh Heads,QLD,-28.1021343,153.4395799
427,4,Horsham,VIC,-36.7148099,142.2018105
210,4,Coburg,VIC,-37.7449752,144.9643314
1069,4,Westmead,NSW,-33.8076498,150.9877265
180,4,Chatswood,NSW,-33.7944797,151.1818571
14,3,Akron,OH,41.083064,-81.518485
413,3,Hill AFB,UT,41.1227542,-111.977344
852,3,San Francisco,CA,37.7790262,-122.4199061
91,3,Bloomington,IL,40.4731073,-88.9941403
802,3,Remote,Remote,0.0,0.0
47,3,Atlanta,GA,33.7489924,-84.3902644
974,3,Texas City,TX,29.396013,-94.9175485
358,3,Fremont,CA,37.5482697,-121.9885719
1073,3,Weston,FL,26.1003392,-80.399513
104,3,Boulder,CO,40.0149856,-105.2705456
110,3,Brandon,FL,27.928464,-82.2880508
100,3,Boston,MA,42.3602534,-71.0582912
1037,3,Waltham,MA,42.3756401,-71.2358004
23,3,Alexandria,VA,38.8051095,-77.0470229
912,3,Southington,CT,41.6005435,-72.8782941
881,3,Seattle,WA,47.6038321,-122.3300624
639,3,New York State,New York State,40.7127281,-74.0060152
440,3,Irving,TX,32.8295183,-96.9442177
158,3,Carlsbad,CA,33.1580933,-117.3505966
760,3,Pleasant Prairie,WI,42.5273197,-87.8533517
387,3,Greenville,TX,33.1384488,-96.1108066
565,3,McAlester,OK,34.9334981,-95.7697934
860,3,Sanford,FL,28.8117297,-81.2680345
1041,3,Washington,DC,38.8949924,-77.0365581
552,3,Marlborough,MA,42.3459271,-71.5522874
90,3,Bloomfield,NJ,40.806767,-74.1854226
638,3,New York,NY,40.7127281,-74.0060152
1011,3,United States,United States,39.7837304,-100.4458825
868,3,Santa Monica,CA,34.0194704,-118.4912273
721,3,Palo Alto,CA,37.4443293,-122.1598465
74,3,Beeville,TX,28.4008319,-97.7483312
658,3,North East,MD,39.5162234,-76.9382069
327,3,Falls Church,VA,38.882334,-77.1710914
863,3,Santa Clara,CA,37.2333253,-121.6846349
774,3,Post Falls,ID,47.7110106,-116.9480877
631,3,New Brunswick,NJ,40.4862174,-74.4518173
334,3,Fletcher,NC,35.4306712,-82.5012316
521,3,Los Angeles,CA,34.0536909,-118.242766
799,3,Redmond,WA,47.6694141,-122.1238767
263,3,Delaware,OH,40.2986724,-83.067965
281,3,Draper,UT,40.5246711,-111.8638226
172,3,Chapel Hill,NC,35.9131542,-79.05578
1111,3,York,PA,39.962398,-76.727392
719,3,Palm Beach,FL,26.6279798,-80.4494174
319,3,Evanston,IL,42.0447388,-87.6930459
616,3,Morrisville,NC,35.824341,-78.8300321
711,3,Overland Park,KS,38.9742502,-94.6851702
148,3,Cambridge,MA,42.3750997,-71.1056157
175,3,Charlestown,MA,42.3778749,-71.0619957
624,3,Mountain View,CA,37.3893889,-122.0832101
187,3,Chicago,IL,41.8755616,-87.6244212
849,3,San Diego,CA,32.7174202,-117.1627728
962,3,Tallahassee,FL,30.4380832,-84.2809332
952,3,Sunrise,FL,26.1666888,-80.2787573
448,3,Jefferson City,MO,38.577359,-92.1724265
92,3,Bloomington,MN,44.8322405,-93.3204872
185,3,Chestertown,MD,39.2089986,-76.0666126
420,3,Hollywood,CA,34.0980031,-118.329523
635,3,New Orleans,LA,29.9499323,-90.0701156
144,3,California,California,41.9221873,-87.697195
541,3,Manassas,VA,38.7509488,-77.4752667
773,3,Portsmouth,NH,43.0702223,-70.7548621
796,3,Raymond,OH,40.3347799,-83.465758
887,3,Shelton,CT,41.3164856,-73.0931641
828,3,Roseville,MN,45.0060767,-93.1566107
951,3,Sunnyvale,CA,37.3688301,-122.0363496
354,3,Franklin,TN,35.925206,-86.8689419
193,3,Chippewa Falls,WI,44.9369054,-91.3929348
276,3,Dorado,PR,18.4552585,-66.0813117
197,3,Cincinnati,OH,39.1014537,-84.5124602
703,3,Orlando,FL,28.5421109,-81.3790304
547,3,Mansfield,PA,41.805687,-77.0792881
702,3,Orem,UT,40.2971825,-111.694943
77,3,Bellevue,WA,47.6144219,-122.1923372
854,3,San Jose,CA,37.3361905,-121.890583
931,3,Stafford,TX,29.6160671,-95.5577221
813,3,Richmond,VA,37.5385087,-77.43428
256,3,De Pere,WI,44.4487476,-88.0601086
800,3,Redwood City,CA,37.4863239,-122.232523
1056,3,West Columbia,SC,33.9934867,-81.0739826
629,3,New Albany,OH,40.0811745,-82.8087864
57,3,Baltimore,MD,39.2908816,-76.610759
748,3,Philadelphia,PA,39.9527237,-75.1635262
348,3,Fort Washington,PA,40.1399717,-75.210095
681,3,Oak Brook,IL,41.8328085,-87.9289504
771,3,Portland,OR,45.5202471,-122.6741949
343,3,Fort Lauderdale,FL,26.1223084,-80.1433786
933,3,Stanford,CA,37.4265407,-122.1702926
763,3,Pompano Beach,FL,26.2378597,-80.1247667
833,3,Sacramento,CA,38.5810606,-121.4938951
911,3,Southfield,MI,42.4733689,-83.2218731
94,3,Boca Raton,FL,26.3586885,-80.0830984
336,3,Floresville,TX,29.1335781,-98.1561192
593,3,Milwaukee,WI,43.0349931,-87.922497
786,3,Queens,NY,40.7498243,-73.7976337
558,3,Mason,OH,39.3600586,-84.309939
322,3,Fairfax,VA,38.8462236,-77.3063733
846,3,Salt Lake City,UT,40.7596198,-111.8867975
929,3,St. Louis,MO,38.6264178,-90.1998378
963,3,Tampa,FL,27.9477595,-82.458444
824,3,Rockville,MD,39.0840054,-77.1527573
434,3,Indianapolis,IN,39.779801,-86.1394092
455,3,Junior,WV,38.9787148,-79.949519
53,3,Austin,TX,30.2711286,-97.7436995
41,3,Arlington,VA,38.8903961,-77.0841585
797,3,Red Bank,NJ,40.3470543,-74.0643065
439,3,Irvine,CA,33.6856969,-117.8259819
65,3,Battle Creek,MI,42.3192548,-85.1824269
401,3,Harrisburg,PA,40.2663107,-76.8861122
539,3,Malvern,AR,34.3623149,-92.8129463
219,3,Columbus,OH,39.9622601,-83.0007065
744,3,Petaluma,CA,38.2325829,-122.636465
369,3,Georgetown,TX,30.6665525,-97.6779638
706,3,Oshkosh,WI,44.0206919,-88.5408574
169,3,Chandler,AZ,33.3061605,-111.84125
268,3,Detroit,MI,42.3315509,-83.0466403
1084,3,Wilmington,DE,39.7459468,-75.546589
822,3,Rockland,MA,42.1306563,-70.9161551
241,3,Dallas,TX,32.7762719,-96.7968559
885,3,Shalimar,FL,30.4457544,-86.5791189
498,3,Lewiston,ME,44.100351,-70.2147764
174,3,Charleston,SC,32.7876012,-79.9402728
132,3,Burbank,CA,34.1816482,-118.3258554
218,3,Columbia,MO,38.951883,-92.3337366
693,3,Ontario,CA,34.065846,-117.6484304
580,3,Miami,FL,25.7741728,-80.19362
597,3,Miramar,FL,25.9873137,-80.2322706
266,3,Denver,CO,39.7392364,-104.9848623
3,3,Aberdeen Proving Ground,MD,39.4679716,-76.1324354
1086,3,Wilson,NC,35.7212689,-77.9155395
867,3,Santa Fe,NM,35.6869996,-105.9377997
534,3,Madison,WI,43.074761,-89.3837613
819,3,Rochester,MI,42.680588,-83.1338214
758,3,Plano,TX,33.0136764,-96.6925096
204,3,Clearlake,CA,38.9582307,-122.6263728
564,3,Mayport,FL,30.3933366,-81.4305924
137,3,Burlington,VT,44.4761601,-73.212906
1049,3,Wayne,NJ,40.9491723,-74.2376802
125,3,Buffalo,NY,42.8867166,-78.8783922
792,3,Raleigh,NC,35.7803977,-78.6390989
43,3,Armonk,NY,41.1330485,-73.7126237
222,3,Concord,NC,35.4094178,-80.5800049
659,3,North Kansas City,MO,39.1432057,-94.5733988
988,3,Toledo,OH,41.6529143,-83.5378173
287,3,Durham,NC,35.996653,-78.9018053
563,3,Mayfield Village,OH,41.541872,-81.439452
450,3,Johnston,IA,41.6731523,-93.6973395
1050,3,Webster,NY,43.2362833,-77.4525046
429,3,Houston,TX,29.7589382,-95.3676974
418,3,Hoboken,NJ,40.7433066,-74.0323752
642,3,Newark,NJ,40.735657,-74.1723667
640,3,Newark,CA,37.5296593,-122.0402399
1040,3,Warren,MI,42.4932575,-83.0062746
510,3,Little Rock,AR,34.7464809,-92.2895948
858,3,Sandy,UT,40.5664878,-111.838904
675,3,Norwell,MA,42.1617681,-70.7939307
39,3,Arizona,Arizona,30.7806887,-95.4593925
1083,3,Williston,VT,44.4374044,-73.0689621
749,3,Phoenix,AZ,33.4484367,-112.0741417
914,3,Spartanburg,SC,34.9498007,-81.9320157
740,3,Pensacola,FL,30.421309,-87.2169149
481,3,Lakeland,FL,28.0394654,-81.9498042
862,3,Santa Barbara,CA,34.4221319,-119.7026673
714,3,Oxford,OH,39.5103048,-84.7420519
594,3,Minneapolis,MN,44.9772995,-93.2654692
386,3,Greensboro,NC,36.0726355,-79.7919754
34,3,Andover,MA,42.65717,-71.1408776
834,3,Saint Albans,WV,38.3789601,-81.8119303
83,3,Bethesda,MD,38.9819845,-77.1242341
811,3,Richland,WA,46.2804298,-119.2752055
293,3,East Providence,RI,41.8137116,-71.3700545
168,3,Champaign,IL,40.1164205,-88.2433829
759,3,Plantation,FL,26.1275862,-80.2331036
349,3,Fort Worth,TX,32.753177,-97.3327459
283,3,Dublin,OH,40.0992294,-83.1140771
1106,3,Yardley,PA,40.245664,-74.8459972
723,3,Paoli,PA,40.0417847,-75.4838685
113,3,Breckenridge,CO,39.4829124,-106.0465486
983,3,Tinton Falls,NJ,40.2890734,-74.0927967
803,3,Rensselaer,NY,42.6425795,-73.742898
973,3,Texas,Texas,32.7563057,-97.0713679
46,3,Asheville,NC,35.6009498,-82.5540161
329,3,Fayetteville,AR,36.0625843,-94.1574328
285,3,Duluth,GA,34.0028569,-84.1441046
466,3,King of Prussia,PA,40.0908111,-75.3832484
232,3,Costa Mesa,CA,33.6633386,-117.903317
662,3,North Quincy,MA,42.2770433,-71.0203268
821,3,Rochester,NY,43.157285,-77.615214
314,3,Escondido,CA,33.1216751,-117.0814849
641,3,Newark,DE,39.6852191,-75.7508289
335,3,Flint,MI,43.0161693,-83.6900211
1055,3,West Chester,PA,39.9597213,-75.6059638
318,3,Euclid,OH,41.5931049,-81.5267873
680,3,Oahu Island,HI,21.4834956,-158.0364039
310,3,Enid,OK,36.3967623,-97.8791341
1036,3,Walnut Creek,CA,37.9020731,-122.0618702
487,3,Lansing,MI,42.7337712,-84.5553805
761,3,Pleasanton,CA,37.6624312,-121.8746789
829,3,Rosslyn,VA,38.8959791,-77.0709087
561,3,Mayfield,OH,41.541872,-81.439452
18,3,Albuquerque,NM,35.0841034,-106.6509851
627,3,Nashua,NH,42.7653662,-71.467566
42,3,Arlington County,VA,38.8769326,-77.0893094
426,3,Horsham,PA,40.1784422,-75.1285061
347,3,Fort Walton Beach,FL,30.4057552,-86.618842
121,3,Brookfield,CT,41.4825947,-73.4095652
444,3,Ithaca,NY,42.4396039,-76.4968019
1054,3,West Chester,OH,40.2336795,-81.3442776
865,3,Santa Clarita,CA,34.3916641,-118.542586
33,3,Anchorage,AK,61.2163129,-149.894852
1021,3,Venice,CA,33.995044,-118.4668875
529,3,Lynchburg,VA,37.4137536,-79.1422464
261,3,Deerfield,IL,42.1711365,-87.8445119
628,3,Nashville,TN,36.1622296,-86.7743531
176,3,Charlotte,NC,35.2272086,-80.8430827
646,3,Newport Beach,CA,33.6170092,-117.9294401
544,3,Manhattan,NY,40.7896239,-73.9598939
1058,3,West Palm Beach,FL,26.715364,-80.0532942
267,3,Des Moines,IA,41.5910323,-93.6046655
362,3,Gainesville,FL,29.6519684,-82.3249846
855,3,San Juan,PR,18.465299,-66.116666
406,3,Henrico,VA,37.4957023,-77.335257
400,3,Hanover,NH,43.703622,-72.288666
451,3,Johnston,RI,41.8310404,-71.5412101
331,3,Ferdinand,IN,38.223944,-86.8622155
804,3,Research Triangle Park,NC,35.9056978,-78.8748242
536,3,Maitland,FL,28.6274723,-81.3656392
216,3,Colorado Springs,CO,38.8339578,-104.8253485
620,3,Mount Pleasant,SC,32.7940651,-79.8625851
407,3,Herndon,VA,38.9695316,-77.3859479
905,3,South Jordan,UT,40.5621704,-111.929658
575,3,Memphis,TN,35.1490215,-90.0516285
578,3,Mesa,AZ,33.4151117,-111.8314792
805,3,Reston,VA,38.9583737,-77.3579805
778,3,Princeton,NJ,40.3492744,-74.6592958
52,3,Austell,GA,33.8126059,-84.6343783
847,3,San Antonio,TX,29.4246002,-98.4951405
701,3,Oregon,Oregon,44.0505054,-123.0950506
826,3,Ronkonkoma,NY,40.8153761,-73.112333
1067,3,Westlake,TX,32.991226,-97.1943701
85,3,Birmingham,AL,33.5206824,-86.8024326
298,3,Eden Prairie,MN,44.8546856,-93.470786
479,3,Lake Mary,FL,28.756618,-81.3388838
1102,3,Woonsocket,RI,42.0028761,-71.5147839
890,3,Shrewsbury,MA,42.283828,-71.7172866
932,3,Stamford,CT,41.0534302,-73.5387341
205,3,Clearwater,FL,27.9658533,-82.8001026
32,3,Anaheim,CA,33.8347516,-117.911732
1101,3,Woodlawn,MD,39.301516,-76.745956
404,3,Henderson,NV,36.0301134,-114.9826194
1053,3,West Barnstable,MA,41.7056644,-70.3744687
856,3,San Mateo,CA,37.496904,-122.3330573
567,3,McLean,VA,38.9342888,-77.1776327
657,3,North Carolina,North Carolina,35.9050353,-79.0477533
300,3,Edison,NJ,40.5382375,-74.3945173
621,3,Mount Pleasant,WI,42.7292465,-87.851473
489,3,Las Vegas,NV,36.1672559,-115.1485163
27,3,Alpharetta,GA,34.0709576,-84.2747329
474,3,Knoxville,TN,35.9603948,-83.9210261
781,3,Provo,UT,40.2338438,-111.6585337
604,3,Monroe,WI,42.6018298,-89.6392396
150,3,Camden County,NJ,39.8014709,-74.968553
151,3,Camp Smith,HI,21.3865888,-157.9054991
1063,3,Westborough,MA,42.2694308,-71.6129907
683,3,Oakbrook Terrace,IL,41.8500302,-87.9645077
16,3,Albany,NY,42.6511674,-73.754968
1081,3,Williamsville,NY,42.9637836,-78.7377258
258,3,Dearborn,MI,42.3222599,-83.1763145
255,3,Daytona Beach,FL,29.2108147,-81.0228331
770,3,Portland,ME,43.6610277,-70.2548596
1025,3,Victor,NY,42.9803802,-77.4272383
570,3,Melbourne,FL,28.106471,-80.6371513
36,3,Ann Arbor,MI,42.2681569,-83.7312291
338,3,Florida,Florida,28.5421109,-81.3790304
233,3,Cranbury,NJ,40.3099385,-74.5177224
189,3,Chico,CA,39.7284945,-121.8374777
908,3,South San Francisco,CA,37.6535403,-122.4168664
402,3,Hartford,CT,41.764582,-72.6908547
790,3,Quincy,MA,42.2528772,-71.0022705
208,3,Cleveland,OH,41.5051613,-81.6934446
667,3,North Wales,PA,40.2109404,-75.2782317
312,3,Erie,PA,42.1294712,-80.0852695
507,3,Linthicum Heights,MD,39.2039094,-76.6597094
684,3,Oakland,CA,37.8044557,-122.2713563
704,3,Oroville,CA,39.5137752,-121.556359
502,3,Libby,MT,48.3882861,-115.5559988
443,3,Italy,TX,32.1840381,-96.8847194
494,3,Lehi,UT,40.3880902,-111.8491619
938,3,Sterling,VA,39.0016194,-77.4032011
286,3,Duluth,MN,46.7729322,-92.1251218
269,3,Diamondhead,MS,30.3847131,-89.3688705
1029,3,Virginia,Virginia,37.3197653,-121.8901257
843,3,Salem,OR,44.9391565,-123.033121
970,3,Tempe,AZ,33.4255056,-111.9400125
467,3,Kingsport,TN,36.550238,-82.5594293
6,3,Ada,MI,42.9547136,-85.4879523
483,3,Lakewood,CO,39.6246085,-105.084204
447,3,Jacksonville,FL,30.3321838,-81.655651
177,3,Charlottesville,VA,38.029306,-78.4766781
613,3,Morgan Hill,CA,37.130408,-121.6544974
978,3,Thorndale,PA,39.997333,-75.7502087
1044,3,Waterford,MI,42.7022527,-83.402718
696,3,Orange,CA,33.7500378,-117.8704931
607,3,Montgomery,AL,32.3669656,-86.3006485
449,3,Jersey City,NJ,40.7281575,-74.0776417
559,3,Massachusetts,Massachusetts,39.7729923,-86.1514013
446,3,Jackson,WY,43.479965,-110.761815
171,3,Chantilly,VA,38.8941543,-77.4311513
1060,3,West Sacramento,CA,38.5804609,-121.530234
114,3,Brentwood,TN,36.0325687,-86.7825235
525,3,Louisville,KY,38.2542376,-85.759407
411,3,Highland,CA,34.1283442,-117.2086513
776,3,Prairie du Sac,WI,43.28693,-89.72401
1033,3,Waipahu,HI,21.3866667,-158.009166
221,3,Commerce,GA,34.203997,-83.4571058
1066,3,Westerville,OH,40.126139,-82.9295287
217,3,Columbia,MD,39.1939196,-76.8747723
346,3,Fort Sam Houston,TX,29.4623536,-98.4320524
697,3,Orangeburg,SC,33.4918203,-80.8556476
408,3,Hershey,PA,40.2854881,-76.6506001
687,3,Ohio,Ohio,43.32243,-74.9786
146,3,California City,CA,35.125801,-117.9859038
410,3,Hicksville,NY,40.7684331,-73.5251253
88,3,Blacksburg,VA,37.2296566,-80.4136767
499,3,Lewisville,TX,33.046233,-96.994174
422,3,Holyoke,MA,42.2071434,-72.60765
359,3,Fresno,CA,36.7394421,-119.7848307
142,3,Caledonia,MI,42.7891193,-85.5163391
920,3,Springfield,MO,37.2166779,-93.2920373
825,3,Rome,GA,34.257038,-85.1646726
1112,3,Yuma,AZ,32.6926588,-114.6276157
160,3,Cary,NC,35.7882893,-78.7812081
105,3,Bowie,MD,38.9424464,-76.7301718
686,3,Ocala,FL,29.1871986,-82.1400923
462,3,Kansas City,MO,39.100105,-94.5781416
512,3,Livermore,CA,37.6820583,-121.7680531
51,3,Aurora,OH,41.317555,-81.345386
678,3,Novi,MI,42.48059,-83.4754913
1088,3,Windsor,CT,41.8525984,-72.6437022
82,3,Berlin,MD,38.3226154,-75.2176892
630,3,New Bremen,OH,40.4369919,-84.3796729
98,3,Bondurant,IA,41.7005441,-93.462157
277,3,Doral,FL,25.8195424,-80.3553302
480,3,Lake Mills,WI,43.0798032,-88.9125723
626,3,Naperville,IL,41.7728699,-88.1479278
477,3,La Vergne,TN,36.0156178,-86.5819394
605,3,Monsey,NY,41.118048,-74.0594037
720,3,Palm Coast,FL,29.5541432,-81.2207673
476,3,La Mesa,NM,36.2389231,-105.2116765
913,3,Sparks,NV,39.5404679,-119.7487235
240,3,Dallas,OR,44.9189206,-123.3158695
230,3,Corona,CA,33.8752945,-117.5664449
441,3,Irwindale,CA,34.128813,-117.9333393
789,3,Quincy,IL,39.9356016,-91.4098727
191,3,Chino Hills,CA,33.9926803,-117.760056
527,3,Lowell,MI,42.933601,-85.3418551
181,3,Chatsworth,CA,34.2595715,-118.6023247
738,3,Pembroke Pines,FL,26.0031465,-80.223937
228,3,Coral Springs,FL,26.271192,-80.2706044
577,3,Meridian,ID,43.6086295,-116.392326
309,3,Englewood,CO,39.6482059,-104.9879641
838,3,Saint Paul,MN,44.9504037,-93.1015026
574,3,Melville,NY,40.7862225,-73.407995
56,3,Bakersfield,CA,35.3738712,-119.0194639
614,3,Morgantown,WV,39.6296809,-79.9559437
853,3,San Francisco Bay Area,CA,37.7884969,-122.3558473
582,3,Miami Lakes,FL,25.9087056,-80.3086619
518,3,Long Island City,NY,40.7415095,-73.9569751
996,3,Trenton,NJ,40.2170575,-74.7429463
72,3,Bedford Heights,OH,41.4143826,-81.5061146
147,3,Camarillo,CA,34.2176371,-119.0383541
542,3,Manchester,NH,42.9956397,-71.4547891
724,3,Paramus,NJ,40.9452911,-74.0735899
325,3,Fairfield,OH,39.3458953,-84.5605031
351,3,Foster City,CA,37.5600336,-122.2688522
601,3,Missouri City,MO,39.2408369,-94.2880031
654,3,Norfolk,VA,36.8462923,-76.2929252
514,3,Livonia,MI,42.36837,-83.3527097
608,3,Montgomery County,MD,39.1406267,-77.2075612
695,3,Opportunity,WA,47.6571257,-117.2397875
80,3,Bentonville,AR,36.3728538,-94.2088172
235,3,Creve Coeur,MO,38.6613007,-90.4423653
576,3,Menlo Park,CA,37.4519671,-122.1779927
985,3,Titusville,NJ,40.3095516,-74.8804428
1030,3,Virginia Beach,VA,36.8529841,-75.9774183
999,3,Tualatin,OR,45.3838546,-122.7663518
1096,3,Woodbridge,NJ,40.55418,-74.2860008
389,3,Greenwood Village,CO,39.6172101,-104.9508141
316,3,Estero,FL,26.4381474,-81.8067537
919,3,Springfield,MA,42.1018764,-72.5886727
861,3,Santa Ana,CA,33.7494951,-117.8732213
332,3,Findlay,OH,41.0413873,-83.6503982
524,3,Louisville,CO,39.977763,-105.1319296
353,3,Framingham,MA,42.3095704,-71.4413097
555,3,Maryland,Maryland,38.99203,-76.9461029
993,3,Torrance,CA,33.8358492,-118.3406288
501,3,Lexington Park,MD,38.2641725,-76.453107
848,3,San Carlos,CA,37.504936,-122.2618236
470,3,Kirkland,WA,47.6859573,-122.1920249
102,3,Bothell,WA,47.7598697,-122.2068288
123,3,Brooklyn,NY,40.6501024,-73.9495829
333,3,Fishers,IN,39.9555928,-86.0138729
900,3,Somerville,MA,42.3875968,-71.0994968
866,3,Santa Cruz,CA,37.050096,-121.9905908
688,3,Okemos,MI,42.7220755,-84.4275232
184,3,Chesterfield,MO,38.661953,-90.5643258
224,3,Conshohocken,PA,40.0792766,-75.3015714
979,3,Thousand Oaks,CA,34.1714271,-118.9105877
337,3,Florham Park,NJ,40.787878,-74.3882072
375,3,Glen Allen,VA,37.6659781,-77.506374
633,3,New Haven,CT,41.3082138,-72.9250518
388,3,Greenwich,CT,41.0264862,-73.6284598
810,3,Richfield,MN,44.8766431,-93.2877877
864,3,Santa Clara Valley,CA,39.021575,-84.5551221
373,3,Gilbert,AZ,33.3527632,-111.7890373
820,3,Rochester,MN,44.0234387,-92.4630182
1028,3,Vienna,VA,38.9013729,-77.2651762
28,3,Alto,WA,46.3865354,-118.1123936
1042,3,Washington State,Washington State,45.5787646,-122.351047
513,3,Livingston,NJ,40.7959335,-74.3148713
260,3,Deer Park,TX,29.7052284,-95.1238204
50,3,Augusta,WV,39.2953787,-78.6377912
360,3,Frisco,TX,33.1506744,-96.8236116
997,3,Troy,MI,42.6055893,-83.1499304
1031,3,Vista,CA,33.2000368,-117.2425355
37,3,Annapolis Junction,MD,38.9786401,-76.492786
682,3,Oak Ridge,TN,36.0103562,-84.2696449
569,3,Medford,MA,42.4184296,-71.1061639
503,3,Lincoln,NE,40.8088861,-96.7077751
892,3,Siloam Springs,AR,36.1881365,-94.5404962
212,3,College Park,MD,38.980666,-76.9369189
236,3,Crystal City,VA,38.8592169,-77.0483758
602,3,Modesto,CA,37.6390972,-120.9968782
718,3,Palatine,IL,42.1105779,-88.0336888
556,3,Maryville,TN,35.7564719,-83.9704593
282,3,Dublin,CA,37.7021521,-121.9357918
162,3,Cedar Rapids,IA,41.9758872,-91.6704053
671,3,Northbrook,IL,42.127531,-87.8318855
729,3,Parsippany,NJ,40.8578772,-74.4259866
237,3,Culver City,CA,34.0211224,-118.3964665
918,3,Spring,TX,31.8160381,-99.5120986
356,3,Frederick,MD,39.4142186,-77.4109269
5,3,Acton,MA,42.4850931,-71.43284
330,3,Fayetteville,NC,35.0525759,-78.878292
692,3,Omaha,NE,41.2587459,-95.9383758
265,3,Denton,TX,33.1838787,-97.1413417
415,3,Hillsboro,OR,45.5228939,-122.989827
922,3,Springfield,VA,38.7890522,-77.1870368
341,3,Fort Belvoir,VA,38.7282122,-77.1509829
871,3,Saratoga Springs,NY,43.0821793,-73.7853915
345,3,Fort Meade,MD,39.1047631,-76.7472788
96,3,Boise,ID,43.6166163,-116.200886
215,3,Colorado,Colorado,39.6796152,-104.9376995
516,3,Long Beach,CA,33.7690164,-118.191604
971,3,Tennessee,Tennessee,36.5926911,-83.6669027
134,3,Burlingame,CA,37.5841026,-122.3660825
38,3,Appleton,WI,44.2611337,-88.4067604
1079,3,Wickliffe,OH,41.605327,-81.453449
488,3,Laramie,WY,41.311367,-105.591101
622,3,Mount Vernon,WA,48.4200462,-122.32642
1075,3,Wheeling,WV,40.0639616,-80.7209149
809,3,Richardson,TX,32.9481789,-96.7297206
433,3,Indiana,Indiana,40.6214551,-79.1525349
395,3,Hagerstown,MD,39.6419219,-77.7202641
837,3,Saint Joseph,MO,39.7686055,-94.8466322
432,3,Illinois,Illinois,38.887663,-90.1589413
421,3,Holmdel,NJ,40.3451095,-74.1840322
589,3,Milpitas,CA,37.4282724,-121.9066238
998,3,Trumbull,CT,41.2428742,-73.2006687
755,3,Pittsburgh,PA,40.4416941,-79.9900861
817,3,Riverwoods,IL,42.1676068,-87.8970986
245,3,Danbury,CT,41.394817,-73.4540111
25,3,Aliso Viejo,CA,33.5761376,-117.7258122
876,3,Schaumburg,IL,42.0333608,-88.083406
663,3,North Reading,MA,42.5750939,-71.0786653
394,3,Gwynn Oak,MD,39.3265775,-76.7181765
722,3,Panama City Beach,FL,30.1765914,-85.805386
872,3,Sartell,MN,45.6216319,-94.2069365
364,3,Gallatin,TN,36.3883031,-86.4475898
850,3,San Dimas,CA,34.1066756,-117.8067257
238,3,Cupertino,CA,37.3228934,-122.0322895
1009,3,Uniontown,OH,40.9730285,-81.4046352
596,3,Minnetonka,MN,44.9127229,-93.499059
30,3,American Fork,UT,40.3768954,-111.7957645
201,3,Clayton,MO,38.6504352,-90.3362473
548,3,Maplewood,MN,44.9533351,-92.9953373
115,3,Bridgewater,NJ,40.5598127,-74.5517146
1013,3,University Park,PA,40.8087493,-77.8585662
1016,3,Vancouver,WA,45.6306954,-122.6744557
739,3,Pennsylvania,Pennsylvania,44.9710002,-93.3762924
163,3,Centennial,CO,39.6021002,-104.9191467
976,3,The Woodlands,TX,30.1734194,-95.504686
81,3,Berkeley,CA,37.8708393,-122.2728639
306,3,Ellicott City,MD,39.2673284,-76.7983067
45,3,Ashburn,VA,39.0437192,-77.4874899
262,3,Deerfield Beach,FL,26.318342,-80.0996306
186,3,Chevy Chase,MD,38.9822473,-77.0881873
399,3,Hanover,MD,39.1928853,-76.7241371
870,3,Sarasota,FL,27.3364347,-82.5306527
851,3,San Fernando,CA,34.28497,-118.437652
1076,3,Whippany,NJ,40.8245442,-74.4170972
69,3,Beaverton,OR,45.4871723,-122.80378
1052,3,Wellesley,MA,42.2964859,-71.2925571
689,3,Oklahoma City,OK,35.4729886,-97.5170536
445,3,Jackson,MI,42.2416466,-84.425589
839,3,Saint Petersburg,FL,27.7703796,-82.6695085
62,3,Basking Ridge,NJ,40.7064088,-74.5492725
835,3,Saint Augustine,FL,29.8946952,-81.3145395
365,3,Galway,NY,43.0186858,-74.0315162
211,3,Cockeysville,MD,39.4845658,-76.6502845
619,3,Mount Laurel,NJ,39.934002,-74.8909988
500,3,Lexington,MA,42.4473175,-71.2245003
1072,3,Weston,CT,41.2021302,-73.3812743
182,3,Cheektowaga,NY,42.9086793,-78.7480926
505,3,Lindon,UT,40.3432857,-111.7207608
581,3,Miami Beach,FL,25.7929198,-80.1353006
1010,3,United,WV,37.9906638,-81.4264987
251,3,Davenport,IA,41.5236436,-90.5776368
252,3,Davie,FL,26.0628665,-80.2331038
780,3,Prineville,OR,44.2998261,-120.834972
1091,3,Winston-Salem,NC,36.0998131,-80.2440518
284,3,Dulles,VA,29.456179,-98.663407
231,3,Corvallis,OR,44.5645659,-123.2620435
830,3,Round Rock,TX,30.508235,-97.6788934
634,3,New Jersey,New Jersey,40.0192445,-74.8192382
305,3,El Segundo,CA,33.917028,-118.4156337
553,3,Marshall,TX,32.5447756,-94.3661004
89,3,Blasdell,NY,42.797281,-78.823366
882,3,Secaucus,NJ,40.7899291,-74.0566735
497,3,Lewes,DE,38.7745565,-75.1393498
595,3,Minneapolis,NC,36.0993683,-81.9873491
1004,3,Tysons,VA,38.918592,-77.2314723
751,3,Pierre,SD,44.3683644,-100.3511367
304,3,El Paso,TX,31.7754152,-106.464634
486,3,Lanham,MD,38.9670551,-76.8619166
730,3,Pasadena,CA,34.1476452,-118.1444779
93,3,Blue Ash,OH,39.2320073,-84.3782817
456,3,Jupiter,FL,26.9342246,-80.0942087
297,3,Eatontown,NJ,40.2962222,-74.0509725
1093,3,Wittmann,AZ,33.7733775,-112.5270183
816,3,Riverton,UT,40.5220027,-111.9391003
213,3,Collegeville,PA,40.1856597,-75.451571
725,3,Pardeeville,WI,43.5377608,-89.3001174
995,3,Traverse City,MI,44.7606441,-85.6165301
691,3,Olive Branch,MS,34.9617605,-89.8295315
1045,3,Waterloo,IA,42.4979693,-92.3329637
226,3,Coppell,TX,32.9552598,-97.0155703
921,3,Springfield,PA,40.5249235,-75.2875281
736,3,Pella,IA,41.4080534,-92.9163091
632,3,New Castle,DE,39.6620572,-75.5663132
10,3,Agoura Hills,CA,34.14791,-118.7657042
442,3,Issaquah,WA,47.5348778,-122.0432974
741,3,Peoria,IL,40.6938609,-89.5891008
1104,3,Wyoming,MN,45.3363551,-92.9971631
587,3,Midland,TX,31.9973662,-102.0779482
157,3,Cape Canaveral,FL,28.45077,-80.52662
307,3,Elmwood Park,NJ,40.9074237,-74.1183543
79,3,Belmont,CA,37.5164926,-122.2941914
242,3,Dallas-Fort Worth,TX,32.735794,-97.229958
328,3,Farmers Branch,TX,32.9265137,-96.8961151
647,3,Newport News,VA,37.1061414,-76.5008003
898,3,Skillman,NJ,40.4201055,-74.7146049
495,3,Lemont,IL,41.6737149,-88.0016263
320,3,Everett,WA,47.9673056,-122.2013998
566,3,McKinney,TX,33.1976496,-96.6154471
713,3,Owosso,MI,42.9975968,-84.1720541
321,3,Exton,PA,40.0289955,-75.6207651
540,3,Malvern,PA,31.1393439,-85.5191005
617,3,Moscow,ID,46.7323875,-117.0001651
583,3,Michigan,Michigan,42.33136,-83.0520837
523,3,Los Lunas,NM,34.8142093,-106.7613067
653,3,Norcross,GA,33.9412127,-84.2135309
49,3,Augusta,GA,33.4709714,-81.9748429
352,3,Foxborough,MA,42.0653768,-71.2478308
424,3,Honolulu,HI,21.304547,-157.8556764
511,3,Littleton,CO,39.613321,-105.0166498
111,3,Branford,CT,41.2795414,-72.8150989
370,3,Georgia,Georgia,33.9404278,-83.373049
879,3,Scottsdale,AZ,33.4942189,-111.9260184
568,3,Mechanicsville,VA,37.6193174,-77.3369627
880,3,Seal Beach,CA,33.7423967,-118.1055926
793,3,Raritan,NJ,40.5695474,-74.6329363
859,3,Sandy Springs,GA,33.9242688,-84.3785379
585,3,Midland,MI,43.6155825,-84.2472117
535,3,Mahwah,NJ,41.0887072,-74.1437552
611,3,Mooresville,NC,35.5848596,-80.8100724
308,3,Emeryville,CA,37.8314089,-122.2865266
756,3,Pittsfield,MA,42.451302,-73.260018
734,3,Pebble Beach,CA,36.5672414,-121.9442134
942,3,Stoughton,MA,42.1250995,-71.1022712
869,3,Santa Rosa,CA,38.4404925,-122.7141049
1002,3,Tustin,CA,33.7458511,-117.826166
522,3,Los Gatos,CA,37.226611,-121.9746797
229,3,Coraopolis,PA,40.5184013,-80.1667247
1007,3,Umatilla,OR,45.9173549,-119.3425179
11,3,Aiken,SC,33.5598586,-81.721952
273,3,Dodgeville,WI,42.9600059,-90.1304461
323,3,Fairfax County,VA,38.7690664,-77.301685
1094,3,Woburn,MA,42.4792618,-71.1522766
1012,3,Universal City,CA,34.1412229,-118.3581941
1108,3,Yonkers,NY,40.9312099,-73.8987469
943,3,Stratford,CT,41.1845415,-73.1331651
419,3,Hoffman Estates,IL,42.0426639,-88.079871
562,3,Mayfield Heights,OH,41.5192189,-81.457896
546,3,Mansfield,MA,42.0334326,-71.2189405
844,3,Salem,VA,37.293378,-80.054667
152,3,Campbell,CA,37.2870626,-121.9448818
203,3,Clearfield,UT,41.1134756,-112.0244382
167,3,Cerritos,CA,33.8644291,-118.0539323
1034,3,Wallops Island,VA,37.8838711,-75.4561666
716,3,Painted Post,NY,42.16396,-77.0937953
609,3,Montreal,WI,46.4280033,-90.2460097
877,3,Schofield Barracks,HI,21.4933652,-158.065188
173,3,Chapin,SC,34.1659795,-81.3498212
26,3,Allentown,PA,40.6022059,-75.4712794
732,3,Patuxent River,MD,38.8142728,-76.7117773
492,3,Leawood,KS,38.966673,-94.6169012
991,3,Topeka,KS,39.049011,-95.677556
302,3,Egypt,AR,35.8681298,-90.9456751
1035,3,Walnut,CA,33.7085883,-117.7926096
1003,3,Tyler,TX,32.3512601,-95.3010624
1105,3,Yakima,WA,46.601557,-120.5108421
599,3,Missoula,MT,46.8701049,-113.9952672
340,3,Folsom,CA,38.6779591,-121.1760583
15,3,Alameda,CA,37.6090291,-121.899142
64,3,Baton Rouge,LA,30.4459596,-91.18738
726,3,Park City,UT,40.6460635,-111.4979741
747,3,Pflugerville,TX,30.4393696,-97.6200043
430,3,Hunt Valley,MD,39.4922608,-76.6589528
243,3,Dalton,GA,34.7691867,-84.9702475
159,3,Carrollton,TX,32.9537349,-96.8902816
392,3,Groton,MA,42.6112242,-71.5745402
896,3,Sioux Falls,SD,43.5499749,-96.700327
1039,3,Warminster,PA,40.2045407,-75.1033615
902,3,South Bend,IN,41.6833813,-86.2500066
382,3,Grand Rapids,MI,42.9632405,-85.6678639
296,3,Easton,NY,42.9934104,-73.5523378
78,3,Bellingham,WA,48.7544012,-122.4788361
106,3,Bowling Green,KY,36.9903199,-86.4436018
934,3,Starkey,VA,37.200693,-79.9986485
753,3,Pipestone,MN,44.0270012,-96.2566582
1098,3,Woodinville,WA,47.7545827,-122.1588902
550,3,Markham,IL,41.5936453,-87.6947699
379,3,Golden,CO,39.755543,-105.2210997
344,3,Fort Lee,NJ,40.8509333,-73.9701382
857,3,San Ramon,CA,37.7648021,-121.9544387
538,3,Malibu,CA,34.035591,-118.689423
650,3,Newtown,CT,41.4134764,-73.3086445
1051,3,Webster,TX,29.5376944,-95.1220967
775,3,Poway,CA,32.9628234,-117.0358646
1005,3,Tysons Corner,VA,38.918592,-77.2314723
376,3,Glen Echo,MD,38.9692998,-77.1426965
676,3,Novato,CA,38.1061979,-122.5681191
517,3,Long Island,NY,40.851497,-73.0994258
588,3,Midvale,UT,40.6110589,-111.8999353
1070,3,Westminster,CO,39.8366528,-105.0372046
239,3,Cypress,CA,33.8248235,-118.0399368
520,3,Los Altos,CA,37.3790629,-122.116578
385,3,Greenbelt,MD,38.9937333,-76.8830658
225,3,Copley,OH,41.0989439,-81.6445685
145,3,California,MD,38.3004029,-76.5074542
122,3,Brookfield,WI,43.0605671,-88.1064787
818,3,Roanoke,VA,37.270973,-79.9414313
207,3,Clemson,SC,34.6850749,-82.8364111
1092,3,Wisconsin,Wisconsin,43.0746978,-89.3841692
31,3,Ames,IA,42.0267703,-93.6170554
339,3,Foggy Bottom,DC,38.902015,-77.0526041
289,3,East Lansing,MI,42.7355416,-84.4852469
1008,3,Union City,CA,37.5963232,-122.0816297
116,3,Brighton,MA,42.3500971,-71.1564423
294,3,East Setauket,NY,40.9418427,-73.1058559
600,3,Missouri,Missouri,38.1973133,-90.3998884
712,3,Owings Mills,MD,39.4010753,-76.796299
643,3,Newburyport,MA,42.8125913,-70.8772751
135,3,Burlington,MA,42.5048167,-71.1956111
475,3,La Jolla,CA,32.83259,-117.2716839
490,3,Laurel,MD,39.0992752,-76.8483061
779,3,Princeton Junction,NJ,40.321632,-74.6194941
254,3,Dayton,OH,39.7589478,-84.1916069
452,3,Joliet,IL,41.5263603,-88.0840212
9,3,Adelphi,MD,39.0030666,-76.9721023
412,3,Highlands Ranch,CO,39.5538771,-104.9694264
1047,3,Watertown,MA,42.3709299,-71.1828321
891,3,Silicon Valley,CA,37.4429964,-122.1545229
1023,3,Vero Beach,FL,27.6387163,-80.3975399
1087,3,Winchester,MA,42.4523178,-71.1369982
526,3,Lowell,MA,42.6334247,-71.3161718
108,3,Boxborough,MA,42.4934474,-71.5141044
84,3,Billerica,MA,42.5584264,-71.268947
342,3,Fort Collins,CO,40.5508527,-105.0668085
453,3,Jonesboro,AR,35.8428646,-90.7034522
40,3,Arkansas,Arkansas,34.2902454,-91.3598511
454,3,Julia,WV,38.0245644,-80.3039628
291,3,East Palo Alto,CA,37.4688273,-122.1410751
253,3,Davis,CA,38.545379,-121.7445835
1099,3,Woodland Hills,CA,34.1684364,-118.6058382
363,3,Gaithersburg,MD,39.1434406,-77.2013705
66,3,Baytown,TX,29.7355047,-94.9774274
209,3,Clifton Park,NY,42.8656325,-73.7709535
916,3,Spokane,WA,47.6571934,-117.4235106
1064,3,Westbrook,ME,43.6770252,-70.3711617
1109,3,York,NY,42.8616969,-77.9021691
1085,3,Wilmington,MA,42.5464828,-71.1736669
649,3,Newton,MA,42.3370414,-71.2092214
1074,3,Wharton,NJ,40.8931546,-74.5818254
674,3,Northridge,CA,34.2345615,-118.5369316
1024,3,Verona,NY,43.138322,-75.570831
950,3,Sunkist,CA,34.2321538,-116.2540453
757,3,Plainsboro,NJ,40.3334409,-74.6004341
895,1,Singapore,Singapore,1.2904753,103.8520359
457,1,Jurong,Singapore,1.2596166,103.6704713
802,1,Remote,Remote,0.0,0.0
710,1,Outram,Singapore,1.2828695,103.8378603
126,1,Bugis,Singapore,1.2999533,103.8552781
966,1,Tanjong Pagar,Singapore,1.2766057,103.8457793
987,1,Toa Payoh,Singapore,1.3353906,103.8497414
73,1,Bedok,Singapore,1.3239765,103.930216
165,1,Central Singapore,Singapore,1.3156186,103.8536256
206,1,Clementi,Singapore,1.3151003,103.7652311
1100,1,Woodlands,Singapore,1.436897,103.786216
458,1,Jurong Island,Singapore,1.2596166,103.6704713
509,1,Little India,Singapore,1.3068427,103.8492736
459,1,Kallang,Singapore,1.310759,103.866262
1000,1,Tuas,Singapore,1.3293722,103.6482364
35,1,Ang Mo Kio,Singapore,1.3700803,103.8495228
699,1,Orchard,Singapore,1.3034266,103.831342
731,1,Pasir Ris,Singapore,1.3730307,103.949255
372,1,Geylang,Singapore,1.3181862,103.8870563
428,1,Hougang,Singapore,1.3708011,103.8925443
954,1,Suntec,Singapore,1.2946918,103.8591583
288,1,East Coast,Singapore,1.3104654,103.9235132
129,1,Bukit Timah,Singapore,1.3546901,103.7763724
531,1,MacPherson,Singapore,1.3262069,103.889507
549,1,Marina Bay,Singapore,1.275559,103.8548974
198,1,City Hall,Singapore,1.2930272,103.8526448
788,1,Queenstown,Singapore,1.2946226,103.8060366
128,1,Bukit Merah,Singapore,1.2704395,103.8283184
1006,1,Ubi,Singapore,1.3299354,103.8970444
984,1,Tiong Bahru Estate,Singapore,1.2847974,103.8321489
194,1,Choa Chu Kang,Singapore,1.3847493,103.7445341
677,1,Novena,Singapore,1.3205257,103.8438813
170,1,Changi,Singapore,1.3510795,103.9900641
883,1,Serangoon,Singapore,1.3497611,103.8736841
1061,1,West Singapore,Singapore,1.2904753,103.8520359
1107,1,Yishun,Singapore,1.4293839,103.8350282
964,1,Tampines,Singapore,1.3546528,103.9435712
669,1,North-East Singapore,Singapore,1.2904753,103.8520359
965,1,Tanglin,Singapore,1.3060443,103.8152804
791,1,Raffles,Singapore,1.2835417,103.8514602
164,1,Central Business District,Singapore,1.28967,103.85007
888,1,Shenton Way,Singapore,1.2752631,103.8483973
